task_id,task,status,test_passed,test_total,test_pass_rate,tokens_per_sec,details
1,normalize_whitespace,PASS,11,11,100.0,19.0,TEST 1: PASS; TEST 2: PASS; TEST 3: PASS; TEST 4: PASS; TEST 5: PASS; TEST 6: PASS; TEST 7: PASS; TEST 8: PASS; TEST 9: PASS; TEST 10: PASS; TEST 11: PASS
2,run_length_encode,PASS,11,11,100.0,18.2,TEST 1: PASS; TEST 2: PASS; TEST 3: PASS; TEST 4: PASS; TEST 5: PASS; TEST 6: PASS; TEST 7: PASS; TEST 8: PASS; TEST 9: PASS; TEST 10: PASS; TEST 11: PASS
3,is_balanced,FAIL,13,17,76.47058823529412,17.3,TEST 1: PASS; TEST 2: PASS; TEST 3: PASS; TEST 4: PASS; TEST 5: FAIL - assertion returned False; TEST 6: PASS; TEST 7: FAIL - assertion returned False; TEST 8: PASS; TEST 9: PASS; TEST 10: PASS; TEST 11: PASS; TEST 12: PASS; TEST 13: PASS; TEST 14: PASS; TEST 15: PASS; TEST 16: FAIL - assertion returned False; TEST 17: FAIL - AttributeError: 'int' object has no attribute 'isspace'
4,merge_intervals,FAIL,11,13,84.61538461538461,18.3,TEST 1: PASS; TEST 2: PASS; TEST 3: PASS; TEST 4: PASS; TEST 5: PASS; TEST 6: PASS; TEST 7: FAIL - assertion returned False; TEST 8: PASS; TEST 9: PASS; TEST 10: PASS; TEST 11: PASS; TEST 12: PASS; TEST 13: FAIL - assertion returned False
5,two_sum_safe,FAIL,12,14,85.71428571428571,17.6,TEST 1: PASS; TEST 2: PASS; TEST 3: PASS; TEST 4: PASS; TEST 5: PASS; TEST 6: PASS; TEST 7: PASS; TEST 8: PASS; TEST 9: FAIL - assertion returned False; TEST 10: FAIL - assertion returned False; TEST 11: PASS; TEST 12: PASS; TEST 13: PASS; TEST 14: PASS
6,longest_unique_substring,PASS,14,14,100.0,17.6,TEST 1: PASS; TEST 2: PASS; TEST 3: PASS; TEST 4: PASS; TEST 5: PASS; TEST 6: PASS; TEST 7: PASS; TEST 8: PASS; TEST 9: PASS; TEST 10: PASS; TEST 11: PASS; TEST 12: PASS; TEST 13: PASS; TEST 14: PASS
7,parse_config,FAIL,11,13,84.61538461538461,17.1,"TEST 1: PASS; TEST 2: PASS; TEST 3: PASS; TEST 4: PASS; TEST 5: FAIL - assertion returned False; TEST 6: FAIL - ValueError: not enough values to unpack (expected 2, got 1); TEST 7: PASS; TEST 8: PASS; TEST 9: PASS; TEST 10: PASS; TEST 11: PASS; TEST 12: PASS; TEST 13: PASS"
8,top_k_frequent_words,PASS,12,12,100.0,17.8,TEST 1: PASS; TEST 2: PASS; TEST 3: PASS; TEST 4: PASS; TEST 5: PASS; TEST 6: PASS; TEST 7: PASS; TEST 8: PASS; TEST 9: PASS; TEST 10: PASS; TEST 11: PASS; TEST 12: PASS
9,resolve_dependencies,FAIL,4,12,33.33333333333333,17.8,TEST 1: FAIL - ValueError: list.remove(x): x not in list; TEST 2: FAIL - ValueError: list.remove(x): x not in list; TEST 3: FAIL - assertion returned False; TEST 4: FAIL - ValueError: list.remove(x): x not in list; TEST 5: FAIL - ValueError: list.remove(x): x not in list; TEST 6: PASS; TEST 7: PASS; TEST 8: PASS; TEST 9: PASS; TEST 10: FAIL - ValueError: list.remove(x): x not in list; TEST 11: FAIL - ValueError: list.remove(x): x not in list; TEST 12: FAIL - assertion returned False
10,lru_simulate,FAIL,12,14,85.71428571428571,17.4,TEST 1: PASS; TEST 2: PASS; TEST 3: PASS; TEST 4: FAIL - assertion returned False; TEST 5: FAIL - assertion returned False; TEST 6: PASS; TEST 7: PASS; TEST 8: PASS; TEST 9: PASS; TEST 10: PASS; TEST 11: PASS; TEST 12: PASS; TEST 13: PASS; TEST 14: PASS
